sheet_row,psh_id,site_name,source,required_datum,current_level_ft,source_link,status_or_blocker
"2","WYCM6","Bay Waveland Yacht Club","NOS","MHHW","1.14","https://tidesandcurrents.noaa.gov/stationhome.html?id=8747437","POPULATED"
"3","PNLM6","Pacagoula NOAA Lab","NOS","MHHW","0.87","https://tidesandcurrents.noaa.gov/waterlevels.html?id=8741533","POPULATED"
"4","GISL1","Grand Isle","NOS","MHHW","1.07","https://tidesandcurrents.noaa.gov/waterlevels.html?id=8761724","POPULATED"
"5","PTFL1","Port Fourchon","NOS","MHHW","0.93","https://tidesandcurrents.noaa.gov/waterlevels.html?id=8762075","POPULATED"
"6","NWCL1","New Canal","NOS","MHHW","1.79","https://tidesandcurrents.noaa.gov/stationhome.html?id=8761927","POPULATED"
"7","PSTL1","Pilots Station East","NOS","MHHW","2.02","https://tidesandcurrents.noaa.gov/waterlevels.html?id=8760922","POPULATED"
"8","PILL1","Pilottown","NOS","MHHW","0.97","https://tidesandcurrents.noaa.gov/stationhome.html?id=8760721","POPULATED"
"9","SHBL1","Shell Beach","NOS","MHHW","1.99","https://tidesandcurrents.noaa.gov/stationhome.html?id=8761305","POPULATED"
"10","BSGL1","Bayou Segnette Sector Gate","LA CPRA","NAVD88","","https://rivergages.mvr.usace.army.mil/WaterControl/stationinfo2.cfm?sid=82742&fid=&dt=S","RIVERGAGES SID IS NOT A VERIFIED CWMS TSID"
"11","LBWL1","Barataria Waterway at Lafitte","LA CPRA","NAVD88","","https://rivergages.mvr.usace.army.mil/WaterControl/stationinfo2.cfm?sid=82875&fid=&dt=S","RIVERGAGES SID IS NOT A VERIFIED CWMS TSID"
"12","SBEL1","IHNC Surge Barrier East - Flood Side","LA CPRA","NAVD88","","https://rivergages.mvr.usace.army.mil/WaterControl/stationinfo2.cfm?sid=76030&fid=&dt=S","RIVERGAGES SID IS NOT A VERIFIED CWMS TSID"
"13","MBBL1","Bayou Bienvenue Flood Gate","LA CPRA","NAVD88","","https://rivergages.mvr.usace.army.mil/WaterControl/stationinfo2.cfm?sid=76025&fid=&dt=S","RIVERGAGES SID IS NOT A VERIFIED CWMS TSID"
"14","RGTL1","Rigolets at Hwy 90","LA CPRA","NAVD88","","https://rivergages.mvr.usace.army.mil/WaterControl/stationinfo2.cfm?sid=85700LA&fid=&dt=S","RIVERGAGES SID IS NOT A VERIFIED CWMS TSID"
"15","76065","Seabrook Floodgate - Lake Side","LA CPRA","NAVD88","","https://rivergages.mvr.usace.army.mil/WaterControl/stationinfo2.cfm?sid=76065&fid=&dt=S","RIVERGAGES SID IS NOT A VERIFIED CWMS TSID"
"16","76062","Seabrook Floodgate - INHC side","LA CPRA","NAVD88","","https://rivergages.mvr.usace.army.mil/WaterControl/stationinfo2.cfm?sid=76062&fid=&dt=S","RIVERGAGES SID IS NOT A VERIFIED CWMS TSID"
"17","85750LA","Chef Pass nr Hwy 90","LA CPRA","NAVD88","","https://rivergages.mvr.usace.army.mil/WaterControl/stationinfo2.cfm?sid=85750LA&fid=&dt=S","RIVERGAGES SID IS NOT A VERIFIED CWMS TSID"
"18","COCL1","Caernarvon Canal - Flood Side","LA CPRA","NAVD88","","https://rivergages.mvr.usace.army.mil/WaterControl/stationinfo2.cfm?sid=85760&fid=&dt=S","RIVERGAGES SID IS NOT A VERIFIED CWMS TSID"
"19","01441","Empire Floodgate - Flood Side","LA CPRA","NAVD88","","https://rivergages.mvr.usace.army.mil/WaterControl/stationinfo2.cfm?sid=01441&fid=&dt=S","RIVERGAGES SID IS NOT A VERIFIED CWMS TSID"
"20","WCCL1","West Closure Complex - Flood Side","LA CPRA","NAVD88","","","NO LINK OR VERIFIED CWMS TSID"
"21","BDBL1","Bayou Dupre Flood Gate","LA CPRA","NAVD88","","https://rivergages.mvr.usace.army.mil/WaterControl/stationinfo2.cfm?sid=76010&fid=&dt=S","RIVERGAGES SID IS NOT A VERIFIED CWMS TSID"
"22","85667","Walker Drainage Structure - Flood Side","LA CPRA","NAVD88","","https://rivergages.mvr.usace.army.mil/WaterControl/stationinfo2.cfm?sid=85667&fid=&dt=S","RIVERGAGES SID IS NOT A VERIFIED CWMS TSID"
"23","BBOL1","Bayou Boeuf at Amelia","USACE","NAVD88","","https://rivergages.mvr.usace.army.mil/WaterControl/stationinfo2.cfm?sid=52800&fid=&dt=S","RIVERGAGES SID IS NOT A VERIFIED CWMS TSID"
"24","TSPL1","Tickfaw River near Springfield","USACE","NAVD88","","https://rivergages.mvr.usace.army.mil/WaterControl/stationinfo2.cfm?sid=85300&fid=&dt=S","RIVERGAGES SID IS NOT A VERIFIED CWMS TSID"
"25","PRSL1","GIWW nr Paris Rd Bridge","USACE","NAVD88","","https://rivergages.mvr.usace.army.mil/WaterControl/stationinfo2.cfm?sid=76040&fid=&dt=S","RIVERGAGES SID IS NOT A VERIFIED CWMS TSID"
"26","CMPL1","Chef Manteur Pass nr Lake Borgne","USACE","NAVD88","","https://rivergages.mvr.usace.army.mil/WaterControl/shefdata2.cfm?sid=85750&d=7&dt=S","RIVERGAGES SID IS NOT A VERIFIED CWMS TSID"
"27","WEGL1","Lake Pontchartrain - West End","USACE","NAVD88","","https://rivergages.mvr.usace.army.mil/WaterControl/stationinfo2.cfm?sid=85625&fid=&dt=S","RIVERGAGES SID IS NOT A VERIFIED CWMS TSID"
"28","PLAL1","Lake Pontchartrain - Lakefront AP","USACE","NAVD88","","https://rivergages.mvr.usace.army.mil/WaterControl/stationinfo2.cfm?sid=85670&fid=&dt=S","RIVERGAGES SID IS NOT A VERIFIED CWMS TSID"
"29","SBNL1","Seabrook Bridge at IHNC","USACE","NAVD88","","https://rivergages.mvr.usace.army.mil/WaterControl/stationinfo2.cfm?sid=76060&fid=&dt=S","RIVERGAGES SID IS NOT A VERIFIED CWMS TSID"
"30","MWBL1","MS River at West Bay","USACE","NAVD88","","https://rivergages.mvr.usace.army.mil/WaterControl/stationinfo2.cfm?sid=01515&fid=&dt=S","RIVERGAGES SID IS NOT A VERIFIED CWMS TSID"
"31","VNCL1","MS River at Venice","USACE","NAVD88","","https://rivergages.mvr.usace.army.mil/WaterControl/stationinfo2.cfm?sid=01480&fid=&dt=S","RIVERGAGES SID IS NOT A VERIFIED CWMS TSID"
"32","HPGL1","MS River Head of Passes","USACE","NAVD88","","https://rivergages.mvr.usace.army.mil/WaterControl/stationinfo2.cfm?sid=01545&fid=HPGL1&dt=S","RIVERGAGES SID IS NOT A VERIFIED CWMS TSID"
"33","CKBL1","MS River at MM 7.5 - Burrwoood","USACE","NAVD88","","https://rivergages.mvr.usace.army.mil/WaterControl/stationinfo2.cfm?sid=01575&fid=&dt=S","RIVERGAGES SID IS NOT A VERIFIED CWMS TSID"
"34","SWBL1","MS River SW Pass at East Jetty","USACE","NAVD88","","https://rivergages.mvr.usace.army.mil/WaterControl/stationinfo2.cfm?sid=01670&fid=&dt=S","RIVERGAGES SID IS NOT A VERIFIED CWMS TSID"
"35","WPHL1","MS River nr W Point A La Hache","USACE","NAVD88","","https://rivergages.mvr.usace.army.mil/WaterControl/stationinfo2.cfm?sid=01400&fid=&dt=S","RIVERGAGES SID IS NOT A VERIFIED CWMS TSID"
"36","BDAL1","Bayou Des Allemands at Des Allemands","USACE","NAVD88","","https://rivergages.mvr.usace.army.mil/WaterControl/stationinfo2.cfm?sid=82700&fid=&dt=S","RIVERGAGES SID IS NOT A VERIFIED CWMS TSID"
"37","BCSL1","MS River at Bonnet Carre Spillway","USACE","NAVD88","","https://rivergages.mvr.usace.army.mil/WaterControl/stationinfo2.cfm?sid=01280&fid=&dt=S","RIVERGAGES SID IS NOT A VERIFIED CWMS TSID"
"38","BCFL1","Lake Pontchartrain at Bonnet Carre Sp","USACE","NAVD88","","https://rivergages.mvr.usace.army.mil/WaterControl/stationinfo2.cfm?sid=85552&fid=&dt=S","RIVERGAGES SID IS NOT A VERIFIED CWMS TSID"
"39","LPML1","Lake Pontchartrain - Mandeville","USACE","NAVD88","","https://rivergages.mvr.usace.army.mil/WaterControl/shefdata2.cfm?sid=85575&d=7&dt=S","RIVERGAGES SID IS NOT A VERIFIED CWMS TSID"
"40","76305","Bayou Petit Caillou at Cocodrie","USACE","NAVD88","","https://rivergages.mvr.usace.army.mil/WaterControl/stationinfo2.cfm?sid=76305&fid=&dt=S","RIVERGAGES SID IS NOT A VERIFIED CWMS TSID"
"41","DNAL1","CRMS near Maurepas","USGS","NAVD88","","https://waterdata.usgs.gov/monitoring-location/301324090382400/#parameterCode=00065&period=P7D","REQUIRES VERIFIED DIRECT NAVD88 SERIES OR OFFSET"
"42","73802284","New River Canal E of Sorrento","USGS","NAVD88","","https://waterdata.usgs.gov/monitoring-location/073802284/#parameterCode=00065&period=P7D","REQUIRES VERIFIED DIRECT NAVD88 SERIES OR OFFSET"
"43","NRSL1","New River Canal near Sorrento","USGS","NAVD88","","https://waterdata.usgs.gov/monitoring-location/073802282/#parameterCode=00065&timeSeriesId=62824&period=P7D","REQUIRES VERIFIED DIRECT NAVD88 SERIES OR OFFSET"
"44","SNRL1","New River N of Sorrento","USGS","NAVD88","","https://waterdata.usgs.gov/monitoring-location/073802280/#parameterCode=00065&period=P7D","REQUIRES VERIFIED DIRECT NAVD88 SERIES OR OFFSET"
"45","NPVL1","Bayou Lafourche near Napoleonville","USGS","NAVD88","4.31","https://waterdata.usgs.gov/monitoring-location/07380500/#parameterCode=00065&period=P7D","POPULATED"
"46","PPAL1","Belle River near Pierre Part","USGS","NAVD88","1.63","https://waterdata.usgs.gov/monitoring-location/07381454/#parameterCode=00065&period=P7D","POPULATED"
"47","EPCM6","Pearl River near Claiborne","USGS","NAVD88","","https://waterdata.usgs.gov/monitoring-location/301141089320300/#parameterCode=00065&period=P7D","REQUIRES VERIFIED DIRECT NAVD88 SERIES OR OFFSET"
"48","BBBM6","Back Bay of Biloxi","USGS","NAVD88","","https://waterdata.usgs.gov/monitoring-location/02481270/#parameterCode=00065&period=P7D","REQUIRES VERIFIED DIRECT NAVD88 SERIES OR OFFSET"
"49","GBGM6","Graveline Bayou near Gautier","USGS","NAVD88","","https://waterdata.usgs.gov/monitoring-location/02480287/#parameterCode=00065&period=P7D","REQUIRES VERIFIED DIRECT NAVD88 SERIES OR OFFSET"
"50","OFBM6","Old Fort Bayou at Ocean Springs","USGS","NAVD88","","https://waterdata.usgs.gov/monitoring-location/02481299/#parameterCode=00065&period=P7D","REQUIRES VERIFIED DIRECT NAVD88 SERIES OR OFFSET"
"51","PRPM6","Pascagoula River at mile 1","USGS","NAVD88","","https://waterdata.usgs.gov/monitoring-location/02480212/#parameterCode=00065&period=P7D","REQUIRES VERIFIED DIRECT NAVD88 SERIES OR OFFSET"
"52","WPGM6","W Pascagoula River at Hwy 90 nr Gautier","USGS","NAVD88","","https://waterdata.usgs.gov/monitoring-location/02480285/#parameterCode=00065&period=P7D","REQUIRES VERIFIED DIRECT NAVD88 SERIES OR OFFSET"
"53","NGIL1","Barataria Bay N of Grand Isle","USGS","NAVD88","","https://waterdata.usgs.gov/monitoring-location/07380251/#parameterCode=00065&period=P7D","REQUIRES VERIFIED DIRECT NAVD88 SERIES OR OFFSET"
"54","GTEL1","Barataria Bay nr Grand Terre island","USGS","NAVD88","1.91","https://waterdata.usgs.gov/monitoring-location/291929089562600/#parameterCode=00065&period=P7D","POPULATED"
"55","BARL1","Barataria Bay S of Lafitte","USGS","NAVD88","","https://waterdata.usgs.gov/monitoring-location/292859090004000/#parameterCode=00065&period=P7D","REQUIRES VERIFIED DIRECT NAVD88 SERIES OR OFFSET"
"56","EGIL1","Barataria Pass at Grand Isle","USGS","NAVD88","2.06","https://waterdata.usgs.gov/monitoring-location/073802516/#parameterCode=00065&period=P7D","POPULATED"
"57","DOSL1","Bay Dosgris E of Galliano","USGS","NAVD88","1.60","https://waterdata.usgs.gov/monitoring-location/292800090060000/#parameterCode=00065&period=P7D","POPULATED"
"58","7380255","Bayou Dupont nr Round Lake S of Myrtle Grove","USGS","NAVD88","","https://waterdata.usgs.gov/monitoring-location/07380255/#parameterCode=00065&period=P7D","REQUIRES VERIFIED DIRECT NAVD88 SERIES OR OFFSET"
"59","BPPL1","Bayou Perot at Point Legard","USGS","NAVD88","1.65","https://waterdata.usgs.gov/la/nwis/uv/?site_no=07380330&PARAmeter_cd=00065,72020,63160,00060","POPULATED"
"60","ECBL1","Champagne Bay near Grand Isle","USGS","NAVD88","","https://waterdata.usgs.gov/monitoring-location/073802514/#parameterCode=00065&period=P7D","REQUIRES VERIFIED DIRECT NAVD88 SERIES OR OFFSET"
"61","CWCL1","Lake Cataouatche Whiskey Canal","USGS","NAVD88","1.70","https://waterdata.usgs.gov/la/nwis/uv/?site_no=2951190901217&PARAmeter_cd=00065,72020,63160,00060","POPULATED"
"62","BARL1","Mud Lake S of Lafitte","USGS","NAVD88","1.37","https://waterdata.usgs.gov/monitoring-location/073802511/#parameterCode=00065&period=P7D&showMedian=false","POPULATED"
"63","LBLL1","Bayou Lafourche near Lockport","USGS","NAVD88","1.88","https://waterdata.usgs.gov/monitoring-location/07381150/#parameterCode=00065&period=P7D","POPULATED"
"64","TBLL1","Bayou Lafourche near Thibodaux","USGS","NAVD88","2.02","https://waterdata.usgs.gov/monitoring-location/07381000/#parameterCode=00065&period=P7D","POPULATED"
"65","CPGL1","Caminada Pass NW of Grand Isle","USGS","NAVD88","","https://waterdata.usgs.gov/monitoring-location/07380249/#parameterCode=00065&period=P7D","REQUIRES VERIFIED DIRECT NAVD88 SERIES OR OFFSET"
"66","LCLL1","Company Canal at Lockport","USGS","NAVD88","1.82","https://waterdata.usgs.gov/monitoring-location/07381350/#parameterCode=00065&period=P7D","POPULATED"
"67","HACL1","Hackberry Bay NW of Grand Isle","USGS","NAVD88","1.76","https://waterdata.usgs.gov/monitoring-location/073802512/#parameterCode=00065&period=P7D","POPULATED"
"68","CCLL1","Salt Barrier near Lockport","USGS","NAVD88","1.75","https://waterdata.usgs.gov/monitoring-location/07381355/#parameterCode=00065&period=P7D","POPULATED"
"69","FSLL1","Amite River near French Settlement","USGS","NAVD88","","https://waterdata.usgs.gov/monitoring-location/07380200/#parameterCode=00065&period=P7D","REQUIRES VERIFIED DIRECT NAVD88 SERIES OR OFFSET"
"70","MAUL1","Amite River near Maurepas","USGS","NAVD88","3.74","https://waterdata.usgs.gov/monitoring-location/07380215/#parameterCode=00065&period=P7D","POPULATED"
"71","TSPL1","Tickfaw River near Springfield","USGS","NAVD88","","https://waterdata.usgs.gov/monitoring-location/07376300/#parameterCode=00065&period=P7D","REQUIRES VERIFIED DIRECT NAVD88 SERIES OR OFFSET"
"72","RFPL1","Rigolets at Hwy 90 near Slidell","USGS","NAVD88","","https://waterdata.usgs.gov/monitoring-location/301001089442600/#parameterCode=00065&period=P7D&showMedian=false","REQUIRES VERIFIED DIRECT NAVD88 SERIES OR OFFSET"
"73","PLHL1","American Bay nr Pointe-A-La-Hache","USGS","NAVD88","","https://waterdata.usgs.gov/monitoring-location/073745258/#parameterCode=00065&period=P7D","REQUIRES VERIFIED DIRECT NAVD88 SERIES OR OFFSET"
"74","PSIL1","Black Bay nr Snake Islane nr Pointe-A-La-Hache","USGS","NAVD88","","https://waterdata.usgs.gov/monitoring-location/07374526/#parameterCode=00065&period=P7D","REQUIRES VERIFIED DIRECT NAVD88 SERIES OR OFFSET"
"75","SIPL1","Black Bay nr Stone Island nr Pointe-A-La-Hache","USGS","NAVD88","","https://waterdata.usgs.gov/monitoring-location/073745275/#parameterCode=00065&period=P7D","REQUIRES VERIFIED DIRECT NAVD88 SERIES OR OFFSET"
"76","MNNL1","CRMS near Magnolia","USGS","NAVD88","","https://waterdata.usgs.gov/monitoring-location/292952089453800/#parameterCode=00065&period=P7D","REQUIRES VERIFIED DIRECT NAVD88 SERIES OR OFFSET"
"77","CBDL1","Crooked Bayou near Delacroix","USGS","NAVD88","","https://waterdata.usgs.gov/monitoring-location/073745257/#parameterCode=00065&period=P7D","REQUIRES VERIFIED DIRECT NAVD88 SERIES OR OFFSET"
"78","EWEL1","Empire Water Way Below Empire","USGS","NAVD88","","https://waterdata.usgs.gov/monitoring-location/07380260/#parameterCode=00065&period=P7D","REQUIRES VERIFIED DIRECT NAVD88 SERIES OR OFFSET"
"79","WILL1","Reggio Canal nr Wills Point","USGS","NAVD88","2.96","https://waterdata.usgs.gov/monitoring-location/073745253/#parameterCode=00065&period=P7D","POPULATED"
"80","WBCL1","Wilkinson Bayou near Cutoff","USGS","NAVD88","","https://waterdata.usgs.gov/monitoring-location/292939089544400/#parameterCode=00065&period=P7D","REQUIRES VERIFIED DIRECT NAVD88 SERIES OR OFFSET"
"82","BDML1","Bayou Dupre Sector Gate nr Violet","USGS","NAVD88","","https://waterdata.usgs.gov/monitoring-location/073745235/#parameterCode=00065&timeSeriesId=166856&period=P7D","REQUIRES VERIFIED DIRECT NAVD88 SERIES OR OFFSET"
"83","GRPL1","Mississippi Sound near Grand Pass","USGS","NAVD88","","https://waterdata.usgs.gov/monitoring-location/300722089150100/#parameterCode=00065&period=P7D","REQUIRES VERIFIED DIRECT NAVD88 SERIES OR OFFSET"
"84","DPDL1","Davis Pond near Boutte","USGS","NAVD88","3.07","https://waterdata.usgs.gov/monitoring-location/295501090190400/#parameterCode=63160&period=P7D","POPULATED"
"85","7380212","Blind River near Gramercy","USGS","NAVD88","","https://waterdata.usgs.gov/monitoring-location/07380212/#parameterCode=00065&period=P7D","REQUIRES VERIFIED DIRECT NAVD88 SERIES OR OFFSET"
"86","GRVL1","CRMS near Garyville","USGS","NAVD88","","https://waterdata.usgs.gov/monitoring-location/300602090375100/#parameterCode=72251&period=P7D","REQUIRES VERIFIED DIRECT NAVD88 SERIES OR OFFSET"
"87","LBSL1","Bayou Liberty near Slidell","USGS","NAVD88","","https://waterdata.usgs.gov/monitoring-location/07374581/#parameterCode=00065&period=P7D","REQUIRES VERIFIED DIRECT NAVD88 SERIES OR OFFSET"
"88","PRBL1","Pearl River near I-10","USGS","NAVD88","3.91","https://waterdata.usgs.gov/monitoring-location/02492700/#parameterCode=00065&period=P7D","POPULATED"
"89","301200090072400","Lake Pontchartrain at Crossover 4","USGS","NAVD88","","https://waterdata.usgs.gov/monitoring-location/301200090072400/#parameterCode=00065&period=P7D&showMedian=false","REQUIRES VERIFIED DIRECT NAVD88 SERIES OR OFFSET"
"90","MSVL1","Tchefuncte River near Madisonville","USGS","NAVD88","2.48","https://waterdata.usgs.gov/monitoring-location/07375230/#parameterCode=00065&period=P7D","POPULATED"
"91","PNTL1","Tangipahoa River near Ponchatoula","USGS","NAVD88","3.07","https://waterdata.usgs.gov/monitoring-location/07375650/#parameterCode=00065&period=P7D","POPULATED"
"92","DACL1","Bayou Grand Caillou at Dulac","USGS","NAVD88","","https://waterdata.usgs.gov/monitoring-location/07381324/#parameterCode=00065&period=P7D","REQUIRES VERIFIED DIRECT NAVD88 SERIES OR OFFSET"
"93","CCOL1","Caillou Bay SW of Cocodrie","USGS","NAVD88","","https://waterdata.usgs.gov/monitoring-location/073813498/#parameterCode=00065&period=P7D","REQUIRES VERIFIED DIRECT NAVD88 SERIES OR OFFSET"
"94","DCLL1","Caillou Lake SW of Dulac","USGS","NAVD88","","https://waterdata.usgs.gov/monitoring-location/07381349/#parameterCode=00065&period=P7D","REQUIRES VERIFIED DIRECT NAVD88 SERIES OR OFFSET"
"95","GIBL1","CRMS near Gibson","USGS","NAVD88","","https://waterdata.usgs.gov/monitoring-location/292952090565300/#parameterCode=00065&period=P7D","REQUIRES VERIFIED DIRECT NAVD88 SERIES OR OFFSET"
"96","DULL1","Houma Nav Canal near Dulac","USGS","NAVD88","","https://waterdata.usgs.gov/monitoring-location/07381328/#parameterCode=00065&period=P7D","REQUIRES VERIFIED DIRECT NAVD88 SERIES OR OFFSET"
"97","CTFL1","Little Lake near Cutoff","USGS","NAVD88","","https://waterdata.usgs.gov/monitoring-location/07380335/#parameterCode=00065&period=P7D","REQUIRES VERIFIED DIRECT NAVD88 SERIES OR OFFSET"
"98","TPCGFCF","Falgout Canal Floodgate","TPCG","NAVD88","","","NO VERIFIED HISTORICAL API"
"99","TPCGBDF","Bayou Dularge Floodgate","TPCG","NAVD88","","","NO VERIFIED HISTORICAL API"
"100","TPCGBGC","BGC Floodgate","TPCG","NAVD88","","","NO VERIFIED HISTORICAL API"
"101","TPCGNHC","HNC Floodgate","TPCG","NAVD88","","","NO VERIFIED HISTORICAL API"
"102","TPCGBPC","BPC Floodgate","TPCG","NAVD88","","","NO VERIFIED HISTORICAL API"
"103","TPCGBCF","Bush Canal Floodgate","TPCG","NAVD88","","","NO VERIFIED HISTORICAL API"
"104","TPCGBCL","Boudreaux Canal Lock","TPCG","NAVD88","","","NO VERIFIED HISTORICAL API"
"105","TPCGBTS","Bayou Terrebonne Sector Gate","TPCG","NAVD88","","","NO VERIFIED HISTORICAL API"
"106","TPCGHCF","Humble Canal Floodgate","TPCG","NAVD88","","","NO VERIFIED HISTORICAL API"
"107","TPCGPAC","Pointe Aux Chenes Floodgate","TPCG","NAVD88","","","NO VERIFIED HISTORICAL API"
"108","TPCGGBF","Grand Bayou Floodgate","TPCG","NAVD88","","","NO VERIFIED HISTORICAL API"
